id,year,tm,fired,proba
AlleDe0,2012,OAK,0,0.47851176400888323
AlleDe0,2013,OAK,0,0.5882117211043515
AlleDe0,2014,OAK,1,0.6708001089964444
AlleDe0,2022,NOR,0,0.49776464740911325
AlleDe0,2023,NOR,0,0.23766772830255908
AlleDe0,2024,NOR,1,0.6744499447930798
AlleGe0,1970,RAM,1,0.4105659168523039
AlleGe0,1971,WAS,0,0.06849312503780557
AlleGe0,1972,WAS,0,0.057050047534989635
AlleGe0,1973,WAS,0,0.076638320580092
AlleGe0,1974,WAS,0,0.2320659650320803
AlleGe0,1975,WAS,0,0.13877192779616954
AlleGe0,1976,WAS,0,0.07592228309163492
AlleGe0,1977,WAS,1,0.2376960698989657
AriaBr0,2013,ARI,0,0.11410054023609842
AriaBr0,2014,ARI,0,0.0996177734964491
AriaBr0,2015,ARI,0,0.11066408485281264
AriaBr0,2016,ARI,0,0.3892781739165688
AriaBr0,2017,ARI,0,0.5630876563196028
AriaBr0,2019,TAM,0,0.24722768768822387
AriaBr0,2020,TAM,0,0.1288107002070252
AriaBr0,2021,TAM,0,0.09941042109857985
ArmsNe0,1978,CHI,0,0.33912085880083653
ArmsNe0,1979,CHI,0,0.1746921540955427
ArmsNe0,1980,CHI,0,0.39295009946587084
ArmsNe0,1981,CHI,1,0.7800486251323779
ArnsBi0,1974,NYG,0,0.47430450695696036
ArnsBi0,1975,NYG,1,0.6093153798786042
AustBi0,1970,WAS,1,0.6824419897577784
BeliBi0,1991,CLE,0,0.285707236432395
BeliBi0,1992,CLE,0,0.43698471642044784
BeliBi0,1993,CLE,0,0.32637035345855897
BeliBi0,1994,CLE,0,0.0800172317887999
BeliBi0,1995,CLE,1,0.46720354142396436
BeliBi0,2000,NWE,0,0.33980307466785487
BeliBi0,2001,NWE,0,0.059455806762910596
BeliBi0,2002,NWE,0,0.08627046629338793
BeliBi0,2003,NWE,0,0.17423206761979326
BeliBi0,2004,NWE,0,0.13619936164101556
BeliBi0,2005,NWE,0,0.21270775181997015
BeliBi0,2006,NWE,0,0.07993962977135552
BeliBi0,2007,NWE,0,0.06016457892365493
BeliBi0,2008,NWE,0,0.07332128072985208
BeliBi0,2009,NWE,0,0.09067200186432658
BeliBi0,2010,NWE,0,0.09210668836807591
BeliBi0,2011,NWE,0,0.21571103470614716
BeliBi0,2012,NWE,0,0.16569273503932866
BeliBi0,2013,NWE,0,0.08751175801251443
BeliBi0,2014,NWE,0,0.09513802533423675
BeliBi0,2015,NWE,0,0.15037806763062206
BeliBi0,2016,NWE,0,0.15661040037263513
BeliBi0,2017,NWE,0,0.10067568446616766
BeliBi0,2018,NWE,0,0.11055513219474236
BeliBi0,2019,NWE,0,0.09164759714401267
BeliBi0,2020,NWE,0,0.2270524915622057
BeliBi0,2021,NWE,0,0.1675277616141033
BeliBi0,2022,NWE,0,0.2661602307489867
BeliBi0,2023,NWE,1,0.6284041853802919
BengPh0,1970,GNB,1,0.6404439284718584
BennLe0,1977,ATL,0,0.15599696263263485
BennLe0,1978,ATL,0,0.04361011718891671
BennLe0,1979,ATL,0,0.5356864202707492
BennLe0,1980,ATL,0,0.09009723888120874
BennLe0,1981,ATL,0,0.13186567387195097
BennLe0,1982,ATL,1,0.13145208853226387
BennLe0,1985,TAM,0,0.6480058825556788
BennLe0,1986,TAM,1,0.678757258804395
BerrRa0,1985,NWE,0,0.04651338359011926
BerrRa0,1986,NWE,0,0.04651338359011926
BerrRa0,1987,NWE,0,0.2683451630710813
BerrRa0,1988,NWE,0,0.30041849887691136
BerrRa0,1989,NWE,1,0.7199766335953616
BileEd0,1981,HOU,0,0.4206066682002656
BileEd0,1982,HOU,1,0.9768259029302065
BillBr0,1999,BAL,0,0.15379588021027205
BillBr0,2000,BAL,0,0.09879978504962046
BillBr0,2001,BAL,0,0.09662493983042715
BillBr0,2002,BAL,0,0.37694848164172706
BillBr0,2003,BAL,0,0.0902538260267678
BillBr0,2004,BAL,0,0.23533175345747787
BillBr0,2005,BAL,0,0.6827646094768824
BillBr0,2006,BAL,0,0.18871662873176334
BillBr0,2007,BAL,1,0.5527257538426428
BowlTo0,2015,NYJ,0,0.1964764512615191
BowlTo0,2016,NYJ,0,0.8170050309016744
BowlTo0,2017,NYJ,0,0.9360212696505117
BowlTo0,2018,NYJ,1,0.9534082184347076
BowlTo0,2022,TAM,0,0.42578315292049324
BowlTo0,2023,TAM,0,0.13438724739607538
BowlTo0,2024,TAM,0,0.07084312579231762
BowlTo0,2025,TAM,0,0.8509534197265757
BradGu0,2013,JAX,0,0.19065190011196753
BradGu0,2014,JAX,0,0.6067431731011074
BradGu0,2015,JAX,0,0.6557306870319983
BradGu0,2016,JAX,1,0.685009430455591
BrooRi0,1995,STL,0,0.15864905953409691
BrooRi0,1996,STL,1,0.44724332090183455
BrowPa0,1970,CIN,0,0.11656490911986322
BrowPa0,1971,CIN,0,0.37323919617628515
BrowPa0,1972,CIN,0,0.23286499051445067
BrowPa0,1973,CIN,0,0.0993691579869273
BrowPa0,1974,CIN,0,0.25196272133565734
BrowPa0,1975,CIN,0,0.3664698554068809
BugeJo0,1990,PHO,0,0.12496372537747151
BugeJo0,1991,PHO,0,0.19735561147826033
BugeJo0,1992,PHO,0,0.8921295327927687
BugeJo0,1993,PHO,1,0.946573369898343
BugeJo0,1997,OAK,1,0.7373303017630777
BurnJe0,1986,MIN,0,0.04370731519779813
BurnJe0,1987,MIN,0,0.07599731554355886
BurnJe0,1988,MIN,0,0.017607302831861776
BurnJe0,1989,MIN,0,0.5468311804106962
BurnJe0,1990,MIN,0,0.7152871280776297
BurnJe0,1991,MIN,1,0.16638968501702162
CablTo0,2009,OAK,0,0.22947765058982247
CablTo0,2010,OAK,1,0.37150774998974945
CaldJi0,2009,IND,0,0.012114493818528213
CaldJi0,2010,IND,0,0.07970225076939393
CaldJi0,2011,IND,1,0.9769944939491573
CaldJi0,2014,DET,0,0.012027811282148783
CaldJi0,2015,DET,0,0.4206525661800216
CaldJi0,2016,DET,0,0.12437699837227215
CaldJi0,2017,DET,1,0.7963758250270067
CallBi0,2002,OAK,0,0.0780479197460153
CallBi0,2003,OAK,1,0.5143840430804169
CallBr0,2024,TEN,0,0.5421141555581162
CallBr0,2025,TEN,1,0.6304275901361454
CameCa0,2007,MIA,1,0.5138028840547683
CampDa0,2000,DAL,0,0.3591296838419435
CampDa0,2001,DAL,0,0.9114866153944072
CampDa0,2002,DAL,1,0.9631212112603558
CampDa1,2021,DET,0,0.6366047412066009
CampDa1,2022,DET,0,0.13675555817618595
CampDa1,2023,DET,0,0.048582492448500894
CampDa1,2024,DET,0,0.11235276633133788
CampDa1,2025,DET,0,0.20204388332311393
CampHu0,1984,HOU,0,0.047507966602358426
CampHu0,1985,HOU,1,0.30630146856229695
CampMa0,1975,ATL,1,0.4381205234202006
CampMa0,1983,PHI,0,0.22905656134331576
CampMa0,1984,PHI,0,0.6081356306251624
CampMa0,1985,PHI,1,0.7555563531799342
CampMa0,1987,ATL,0,0.7067256684976936
CampMa0,1988,ATL,1,0.6237309875097136
CanaDa0,2024,CAR,0,0.19459037023459724
CanaDa0,2025,CAR,0,0.2351297010712268
CapeDo0,1995,CAR,0,0.4244668504584455
CapeDo0,1996,CAR,0,0.04020268462537576
CapeDo0,1997,CAR,0,0.17175526188734672
CapeDo0,1998,CAR,1,0.6906134829461036
CapeDo0,2002,HOU,0,0.39294696060429457
CapeDo0,2003,HOU,0,0.4729147555377646
CapeDo0,2004,HOU,0,0.4715347391564055
CapeDo0,2005,HOU,1,0.8083775004264517
CarrPe0,1994,NYJ,1,0.3825209623281881
CarrPe0,1997,NWE,0,0.13337721544101572
CarrPe0,1998,NWE,0,0.18645947014723666
CarrPe0,1999,NWE,1,0.416376236805106
CarrPe0,2010,SEA,0,0.34095443032655365
CarrPe0,2011,SEA,0,0.4871922962337003
CarrPe0,2012,SEA,0,0.13081526651934347
CarrPe0,2013,SEA,0,0.3806108960750411
CarrPe0,2014,SEA,0,0.37228090887832654
CarrPe0,2015,SEA,0,0.31577257148181503
CarrPe0,2016,SEA,0,0.18276984139120367
CarrPe0,2017,SEA,0,0.15963169251357567
CarrPe0,2018,SEA,0,0.16359838873363955
CarrPe0,2019,SEA,0,0.16773990032684166
CarrPe0,2020,SEA,0,0.1503156976020549
CarrPe0,2021,SEA,0,0.5012531679050141
CarrPe0,2022,SEA,0,0.2171189562939338
CarrPe0,2023,SEA,1,0.23857562879873193
CarrPe0,2025,LVR,1,0.41462917683056005
CarsBu0,1989,CLE,1,0.1349658931454333
ChilBr0,2006,MIN,0,0.43442693045787023
ChilBr0,2007,MIN,0,0.535772771111456
ChilBr0,2008,MIN,0,0.07549650410341936
ChilBr0,2009,MIN,0,0.2587669917083559
ChilBr0,2010,MIN,1,0.7060678048930076
ChudRo0,2013,CLE,1,0.4042310867242759
ClarMo0,1976,SFO,1,0.10917299329241924
ClarMo0,1978,DET,0,0.1411452384613166
ClarMo0,1979,DET,0,0.7215847328242059
ClarMo0,1980,DET,0,0.15860673935058608
ClarMo0,1981,DET,0,0.6545314614899731
ClarMo0,1982,DET,0,0.5225665400008661
ClarMo0,1983,DET,0,0.3343237377183462
ClarMo0,1984,DET,1,0.6037327267761641
CoenLi0,2025,JAX,0,0.005186271399250993
CollBl0,1970,CLE,1,0.6298591789297568
CoryDo0,1973,STL,0,0.6040308404645068
CoryDo0,1974,STL,0,0.00509517411646039
CoryDo0,1975,STL,0,0.01570014980125804
CoryDo0,1976,STL,0,0.18118303140390052
CoryDo0,1977,STL,1,0.2543856378602951
CoryDo0,1979,SDG,0,0.012993453259323252
CoryDo0,1980,SDG,0,0.014740569572839755
CoryDo0,1981,SDG,0,0.016993795310406904
CoryDo0,1982,SDG,0,0.16642025700033164
CoryDo0,1983,SDG,0,0.635996629152827
CoryDo0,1984,SDG,0,0.6628156443904711
CoryDo0,1985,SDG,1,0.44396563618235746
CoslBr0,1990,NYJ,0,0.1754959131567161
CoslBr0,1991,NYJ,0,0.24634665003883194
CoslBr0,1992,NYJ,0,0.6320168342084804
CoslBr0,1993,NYJ,1,0.5912600967729115
CoslBr0,1997,CIN,0,0.3365293795914706
CoslBr0,1998,CIN,0,0.6220297048256173
CoslBr0,1999,CIN,0,0.6689572691109735
CoslBr0,2000,CIN,1,0.685009430455591
CougTo0,1995,JAX,0,0.6077259304154873
CougTo0,1996,JAX,0,0.19632126301644406
CougTo0,1997,JAX,0,0.1956241066673618
CougTo0,1998,JAX,0,0.16616427757382526
CougTo0,1999,JAX,0,0.1847362971954098
CougTo0,2000,JAX,0,0.3906547489292354
CougTo0,2001,JAX,0,0.577572424231102
CougTo0,2002,JAX,1,0.605641894099419
CougTo0,2004,NYG,0,0.24295296971562053
CougTo0,2005,NYG,0,0.0872587072114203
CougTo0,2006,NYG,0,0.29368704902406995
CougTo0,2007,NYG,0,0.3357907166717582
CougTo0,2008,NYG,0,0.370469405157338
CougTo0,2009,NYG,0,0.4012164836219116
CougTo0,2010,NYG,0,0.3023766850604066
CougTo0,2011,NYG,0,0.2092612410570129
CougTo0,2012,NYG,0,0.1799164407756866
CougTo0,2013,NYG,0,0.4111917548113785
CougTo0,2014,NYG,0,0.6392326194695858
CougTo0,2015,NYG,0,0.6447927502736329
CowhBi0,1992,PIT,0,0.04361011718891671
CowhBi0,1993,PIT,0,0.0693135031926769
CowhBi0,1994,PIT,0,0.06405721504252672
CowhBi0,1995,PIT,0,0.05756881243098612
CowhBi0,1996,PIT,0,0.18361325510784848
CowhBi0,1997,PIT,0,0.04850956576859939
CowhBi0,1998,PIT,0,0.2849518389179662
CowhBi0,1999,PIT,0,0.5171616548903701
CowhBi0,2000,PIT,0,0.2060774233731053
CowhBi0,2001,PIT,0,0.049576178141885315
CowhBi0,2002,PIT,0,0.21862243694787858
CowhBi0,2003,PIT,0,0.44542635437744077
CowhBi0,2004,PIT,0,0.047188495515661566
CowhBi0,2005,PIT,0,0.13833841108627676
CowhBi0,2006,PIT,1,0.39095331751297807
CrenRo0,2005,CLE,0,0.3025733918084804
CrenRo0,2006,CLE,0,0.5466401716600453
CrenRo0,2007,CLE,0,0.1255070338898005
CrenRo0,2008,CLE,1,0.6639793975284137
CrenRo0,2012,KAN,1,0.4710176528531291
CullDa0,2021,HOU,1,0.5878049050040256
CunnGu0,1999,KAN,0,0.1146723595788044
CunnGu0,2000,KAN,1,0.6128107952618096
DaboBr0,2022,NYG,0,0.04361011718891671
DaboBr0,2023,NYG,0,0.2277245369658339
DaboBr0,2024,NYG,0,0.7711769040146144
DaboBr0,2025,NYG,1,0.8077568610537703
DaviBu0,2001,CLE,0,0.025794866005397127
DaviBu0,2002,CLE,0,0.16294634136233022
DaviBu0,2003,CLE,0,0.7181072951262475
DaviBu0,2004,CLE,1,0.9409478175044748
DelRJa0,2003,JAX,0,0.23907514047993828
DelRJa0,2004,JAX,0,0.2837207730593713
DelRJa0,2005,JAX,0,0.06211770788092631
DelRJa0,2006,JAX,0,0.36986484265109965
DelRJa0,2007,JAX,0,0.039884946377565185
DelRJa0,2008,JAX,0,0.5867638546589949
DelRJa0,2009,JAX,0,0.5242766908032463
DelRJa0,2010,JAX,0,0.597360357231628
DelRJa0,2011,JAX,1,0.7807134852176362
DelRJa0,2015,OAK,0,0.314742889900799
DelRJa0,2016,OAK,0,0.04157875543811385
DelRJa0,2017,OAK,1,0.09282953570671487
DeviDa0,1971,GNB,0,0.4444064780989177
DeviDa0,1972,GNB,0,0.040145249619441055
DeviDa0,1973,GNB,0,0.3293696297736098
DeviDa0,1974,GNB,1,0.7263177292518376
DitkMi0,1982,CHI,0,0.1958659775545661
DitkMi0,1983,CHI,0,0.3553785780362906
DitkMi0,1984,CHI,0,0.03502901947692799
DitkMi0,1985,CHI,0,0.04603354315096644
DitkMi0,1986,CHI,0,0.08774090583498051
DitkMi0,1987,CHI,0,0.21572454578724876
DitkMi0,1988,CHI,0,0.05701102452623735
DitkMi0,1989,CHI,0,0.08091944964495157
DitkMi0,1990,CHI,0,0.0710172040198185
DitkMi0,1991,CHI,0,0.07704145631418245
DitkMi0,1992,CHI,1,0.45835110252044686
DitkMi0,1997,NOR,0,0.12727886458520593
DitkMi0,1998,NOR,0,0.19918731577522075
DitkMi0,1999,NOR,1,0.7128787881060143
DoolJi0,1970,CHI,0,0.4498565250217659
DoolJi0,1971,CHI,1,0.22560263839842104
DowhRo0,1985,IND,1,0.1345948530448593
DungTo0,1996,TAM,0,0.2357123090535812
DungTo0,1997,TAM,0,0.07724938449316353
DungTo0,1998,TAM,0,0.20528323210220495
DungTo0,1999,TAM,0,0.23681482097966927
DungTo0,2000,TAM,0,0.3164313386358865
DungTo0,2001,TAM,1,0.28681015697315165
DungTo0,2002,IND,0,0.09112645916346282
DungTo0,2003,IND,0,0.09474153556016594
DungTo0,2004,IND,0,0.0798923856318827
DungTo0,2005,IND,0,0.17463145974468208
DungTo0,2006,IND,0,0.09832667340732675
DungTo0,2007,IND,0,0.11722723785716996
DungTo0,2008,IND,1,0.1702049129037307
EberMa0,2022,CHI,0,0.6952181360605202
EberMa0,2023,CHI,0,0.5771676561873939
EberMa0,2024,CHI,1,0.7593061249895403
EdwaHe0,2001,NYJ,0,0.1451827219304864
EdwaHe0,2002,NYJ,0,0.05268655066844436
EdwaHe0,2003,NYJ,0,0.42723344565699006
EdwaHe0,2004,NYJ,0,0.24409939013009233
EdwaHe0,2005,NYJ,1,0.7584068510314461
EdwaHe0,2006,KAN,0,0.23759418882039793
EdwaHe0,2007,KAN,0,0.6974278450914145
EdwaHe0,2008,KAN,1,0.7903477778938142
ErhaRo0,1979,NWE,0,0.25587570507889734
ErhaRo0,1980,NWE,0,0.2816672983184245
ErhaRo0,1981,NWE,1,0.7558030306941425
EricDe0,1995,SEA,0,0.1689623513798019
EricDe0,1996,SEA,0,0.5331105658213011
EricDe0,1997,SEA,0,0.3243373081498536
EricDe0,1998,SEA,1,0.643687123776398
EricDe0,2003,SFO,0,0.3094972414844368
EricDe0,2004,SFO,1,0.7544834803397154
EwbaWe0,1970,NYJ,0,0.6483517800543637
EwbaWe0,1971,NYJ,0,0.5272233339936385
EwbaWe0,1972,NYJ,0,0.3370479075243601
EwbaWe0,1973,NYJ,1,0.7678982781958008
FairCh0,1973,NWE,0,0.09696007917206115
FairCh0,1974,NWE,0,0.29469977866609054
FairCh0,1975,NWE,0,0.4020496855995173
FairCh0,1976,NWE,0,0.1553253724212231
FairCh0,1977,NWE,0,0.36131105615863857
FairCh0,1978,NWE,1,0.4379111764339376
FangVi0,2019,DEN,0,0.27582640986040585
FangVi0,2020,DEN,0,0.5340098534025256
FangVi0,2021,DEN,1,0.5229372849803563
FassJi0,1997,NYG,0,0.03453686489146729
FassJi0,1998,NYG,0,0.09580277867821463
FassJi0,1999,NYG,0,0.4781205705441669
FassJi0,2000,NYG,0,0.040159917096834453
FassJi0,2001,NYG,0,0.37083433298861757
FassJi0,2002,NYG,0,0.20262075896122866
FassJi0,2003,NYG,1,0.7596823559247312
FishJe0,1995,HOU,0,0.2662909350258343
FishJe0,1996,HOU,1,0.3741643464234105
FishJe0,1997,TEN,0,0.22367702114984792
FishJe0,1998,TEN,0,0.3451140390688399
FishJe0,1999,TEN,0,0.045657683977922255
FishJe0,2000,TEN,0,0.10310248597279588
FishJe0,2001,TEN,0,0.26642634133280785
FishJe0,2002,TEN,0,0.0398083299065155
FishJe0,2003,TEN,0,0.15560845250890418
FishJe0,2004,TEN,0,0.4955394492898778
FishJe0,2005,TEN,0,0.5234427662870766
FishJe0,2006,TEN,0,0.3614297389970275
FishJe0,2007,TEN,0,0.20039009097427937
FishJe0,2008,TEN,0,0.0556658009917304
FishJe0,2009,TEN,0,0.32373256724909244
FishJe0,2010,TEN,1,0.6293977620843225
FishJe0,2012,STL,0,0.20124287843627944
FishJe0,2013,STL,0,0.20552974642868468
FishJe0,2014,STL,0,0.5352339712067647
FishJe0,2015,STL,1,0.6177705444082117
FishJe0,2016,LAR,1,0.27273954566709857
FlorBr0,2019,MIA,0,0.23900972049836988
FlorBr0,2020,MIA,0,0.05985828493824766
FlorBr0,2021,MIA,1,0.25101746286358173
FlorTo0,1979,OAK,0,0.12343905092351867
FlorTo0,1980,OAK,0,0.04722537231954951
FlorTo0,1981,OAK,1,0.23221835538174854
FlorTo0,1982,RAI,0,0.0505649683798409
FlorTo0,1983,RAI,0,0.06547625333157514
FlorTo0,1984,RAI,0,0.09428905873720439
FlorTo0,1985,RAI,0,0.07663919380867722
FlorTo0,1986,RAI,0,0.2007243362858788
FlorTo0,1987,RAI,1,0.7073788550811556
FlorTo0,1992,SEA,0,0.6717875787056192
FlorTo0,1993,SEA,0,0.5482517622234218
FlorTo0,1994,SEA,1,0.7093230525217437
FontWa0,1989,DET,0,0.35802356062945667
FontWa0,1990,DET,0,0.8965261082496262
FontWa0,1991,DET,0,0.008771239722882825
FontWa0,1992,DET,0,0.05639960678022967
FontWa0,1993,DET,0,0.38674862499431384
FontWa0,1994,DET,0,0.40955129279071956
FontWa0,1995,DET,0,0.5658894548005637
FontWa0,1996,DET,1,0.8975171672074096
ForzRi0,1974,DET,0,0.3523499528339086
ForzRi0,1975,DET,1,0.42156048443568994
FoxxJo0,2002,CAR,0,0.020964848868386
FoxxJo0,2003,CAR,0,0.003044100531708107
FoxxJo0,2004,CAR,0,0.022124761869779606
FoxxJo0,2005,CAR,0,0.0522338228557787
FoxxJo0,2006,CAR,0,0.032317087783754084
FoxxJo0,2007,CAR,0,0.1469401505881136
FoxxJo0,2008,CAR,0,0.012395213359760932
FoxxJo0,2009,CAR,0,0.09072268774862109
FoxxJo0,2010,CAR,1,0.7651845845759028
FoxxJo0,2011,DEN,0,0.031344620121917195
FoxxJo0,2012,DEN,0,0.00980894992816355
FoxxJo0,2013,DEN,0,0.01590224967542908
FoxxJo0,2014,DEN,1,0.18502042867636215
FoxxJo0,2015,CHI,0,0.2093117685106978
FoxxJo0,2016,CHI,0,0.7563911973922423
FoxxJo0,2017,CHI,1,0.9132240253119528
FrazLe0,2011,MIN,0,0.8893505813929767
FrazLe0,2012,MIN,0,0.011643271302303512
FrazLe0,2013,MIN,1,0.879464904929176
GailCh0,1998,DAL,0,0.14238477005007283
GailCh0,1999,DAL,1,0.2480103791239671
GailCh0,2010,BUF,0,0.5798850356126611
GailCh0,2011,BUF,0,0.5981324398799188
GailCh0,2012,BUF,1,0.7234649064944595
GannJo0,2023,ARI,0,0.6372217922653863
GannJo0,2024,ARI,0,0.4797558137788005
GannJo0,2025,ARI,1,0.7883942018334585
GanzFr0,1987,KAN,0,0.4861674310246515
GanzFr0,1988,KAN,1,0.6000148894763317
GarrJa0,2011,DAL,0,0.2235818511507342
GarrJa0,2012,DAL,0,0.5013911129807912
GarrJa0,2013,DAL,0,0.43303798335935517
GarrJa0,2014,DAL,0,0.12174868887975139
GarrJa0,2015,DAL,0,0.3315910115604819
GarrJa0,2016,DAL,0,0.1923181598182449
GarrJa0,2017,DAL,0,0.18954110204579572
GarrJa0,2018,DAL,0,0.0996404871312697
GarrJa0,2019,DAL,1,0.5466454437411438
GaseAd0,2016,MIA,0,0.005317592143400221
GaseAd0,2017,MIA,0,0.1271314321935529
GaseAd0,2018,MIA,1,0.3210870283666705
GaseAd0,2019,NYJ,0,0.36398256742392776
GaseAd0,2020,NYJ,1,0.9324653932718101
GibbJo0,1981,WAS,0,0.20149303799624785
GibbJo0,1982,WAS,0,0.0425665636520779
GibbJo0,1983,WAS,0,0.05337906604343141
GibbJo0,1984,WAS,0,0.28135520149035886
GibbJo0,1985,WAS,0,0.12273275812536147
GibbJo0,1986,WAS,0,0.08686589105237921
GibbJo0,1987,WAS,0,0.2790459575947503
GibbJo0,1988,WAS,0,0.204129762969595
GibbJo0,1989,WAS,0,0.1314510166599071
GibbJo0,1990,WAS,0,0.0534556590039931
GibbJo0,1991,WAS,0,0.056192777979169606
GibbJo0,1992,WAS,1,0.07745494603533094
GibbJo0,2004,WAS,0,0.09887549821174259
GibbJo0,2005,WAS,0,0.09411968469019256
GibbJo0,2006,WAS,0,0.6318766646505501
GibbJo0,2007,WAS,1,0.1834803332450434
GibrAb0,1972,CHI,0,0.6433671991024789
GibrAb0,1973,CHI,0,0.7283239980250054
GibrAb0,1974,CHI,1,0.6969418981001017
GilbKe0,1997,SDG,1,0.6006674153341999
GillSi0,1974,HOU,1,0.014377207392815002
GlanJe0,1986,HOU,0,0.2783566814291561
GlanJe0,1987,HOU,0,0.20121269977518588
GlanJe0,1988,HOU,0,0.06152519353198179
GlanJe0,1989,HOU,1,0.34456537770190654
GlanJe0,1990,ATL,0,0.11706440078079425
GlanJe0,1991,ATL,0,0.05418257945243805
GlanJe0,1992,ATL,0,0.5396958407116546
GlanJe0,1993,ATL,1,0.5896042410207644
GlenAa0,2025,NYJ,0,0.6362924658949978
GranBu0,1970,MIN,0,0.07569522434465922
GranBu0,1971,MIN,0,0.1817053891393553
GranBu0,1972,MIN,0,0.37895143803973336
GranBu0,1973,MIN,0,0.1201647619545639
GranBu0,1974,MIN,0,0.1702046107328044
GranBu0,1975,MIN,0,0.20577308577403697
GranBu0,1976,MIN,0,0.17303245639066384
GranBu0,1977,MIN,0,0.12473152468126823
GranBu0,1978,MIN,0,0.2223985419529107
GranBu0,1979,MIN,0,0.1796184070069766
GranBu0,1980,MIN,0,0.1416915217781566
GranBu0,1981,MIN,0,0.3008349874118447
GranBu0,1982,MIN,0,0.2393611182773416
GranBu0,1983,MIN,0,0.3459967464365275
GranBu0,1985,MIN,1,0.2108765940780262
GreeDe0,1992,MIN,0,0.00476886682861645
GreeDe0,1993,MIN,0,0.04382182890452039
GreeDe0,1994,MIN,0,0.013108676208855904
GreeDe0,1995,MIN,0,0.25615451718597654
GreeDe0,1996,MIN,0,0.16159577385822854
GreeDe0,1997,MIN,0,0.17675887166375776
GreeDe0,1998,MIN,0,0.0075358270461134335
GreeDe0,1999,MIN,0,0.14464838704716382
GreeDe0,2000,MIN,0,0.03843296169647057
GreeDe0,2001,MIN,1,0.8787294103357288
GreeDe0,2004,ARI,0,0.12804113340420478
GreeDe0,2005,ARI,0,0.6858257280214302
GreeDe0,2006,ARI,1,0.9622952582516564
GregFo0,1975,CLE,0,0.6523665439154553
GregFo0,1976,CLE,0,0.09565575908958128
GregFo0,1977,CLE,1,0.24794828135486535
GregFo0,1980,CIN,0,0.15610831611681525
GregFo0,1981,CIN,0,0.0600932305595934
GregFo0,1982,CIN,0,0.046615076472262186
GregFo0,1983,CIN,1,0.20117375099315707
GregFo0,1984,GNB,0,0.4535204090812784
GregFo0,1985,GNB,0,0.5123623999736147
GregFo0,1986,GNB,0,0.7869921298931811
GregFo0,1987,GNB,1,0.8099803057919092
GrohAl0,2000,NYJ,1,0.1283601762494786
GrudJa0,2014,WAS,0,0.45257001863559765
GrudJa0,2015,WAS,0,0.09855000114114124
GrudJa0,2016,WAS,0,0.14941814688554653
GrudJa0,2017,WAS,0,0.6024780544404907
GrudJa0,2018,WAS,0,0.5429830311399443
GrudJa0,2019,WAS,1,0.8037240620916614
GrudJo0,1998,OAK,0,0.1938662138854675
GrudJo0,1999,OAK,0,0.3881918557617729
GrudJo0,2000,OAK,0,0.05885006794645762
GrudJo0,2001,OAK,1,0.2534770092039644
GrudJo0,2002,TAM,0,0.07711812687734365
GrudJo0,2003,TAM,0,0.2571840186574638
GrudJo0,2004,TAM,0,0.6675575412014539
GrudJo0,2005,TAM,0,0.12776196977763735
GrudJo0,2006,TAM,0,0.6468132214067287
GrudJo0,2007,TAM,0,0.17730574743127925
GrudJo0,2008,TAM,1,0.3010196855854776
GrudJo0,2018,OAK,0,0.5983922000580112
GrudJo0,2019,OAK,1,0.41237923161701984
GrudJo0,2020,LVR,1,0.2177844588534847
HackNa0,2022,DEN,1,0.46049564655657044
HaleTo0,2009,KAN,0,0.3118755231459767
HaleTo0,2010,KAN,0,0.07793880252017775
HaleTo0,2011,KAN,1,0.26758135289384527
HandRa0,1991,NYG,0,0.3471449065807971
HandRa0,1992,NYG,1,0.7222965930948743
HaniJi0,1980,STL,0,0.54289688426263
HaniJi0,1981,STL,0,0.9105525879888925
HaniJi0,1982,STL,0,0.06443317899734721
HaniJi0,1983,STL,0,0.4425124373727941
HaniJi0,1984,STL,0,0.24484093465317716
HaniJi0,1985,STL,1,0.8884263739258352
HarbJi0,2011,SFO,0,0.03455845610118353
HarbJi0,2012,SFO,0,0.04206585299836224
HarbJi0,2013,SFO,0,0.13015705057310345
HarbJi0,2014,SFO,1,0.2520516101487249
HarbJi0,2024,LAC,0,0.0506152641741713
HarbJi0,2025,LAC,0,0.18995128957885346
HarbJo0,2008,BAL,0,0.03219001179985032
HarbJo0,2009,BAL,0,0.14383318755655813
HarbJo0,2010,BAL,0,0.01632462897025311
HarbJo0,2011,BAL,0,0.03343634507129059
HarbJo0,2012,BAL,0,0.08060456312596956
HarbJo0,2013,BAL,0,0.568960749304942
HarbJo0,2014,BAL,0,0.17266304931490145
HarbJo0,2015,BAL,0,0.9325743335029599
HarbJo0,2016,BAL,0,0.7666832701415492
HarbJo0,2017,BAL,0,0.3244661791587564
HarbJo0,2018,BAL,0,0.22695440078686857
HarbJo0,2019,BAL,0,0.05232534916911494
HarbJo0,2020,BAL,0,0.3837806588543796
HarbJo0,2021,BAL,0,0.283821760233802
HarbJo0,2022,BAL,0,0.4703596814203098
HarbJo0,2023,BAL,0,0.013476253924702192
HarbJo0,2024,BAL,0,0.04199990228672194
HarbJo0,2025,BAL,1,0.28509834710244486
HaslJi0,2000,NOR,0,0.054700500815190664
HaslJi0,2001,NOR,0,0.1693235408741099
HaslJi0,2002,NOR,0,0.1115398293564732
HaslJi0,2003,NOR,0,0.48281780257240003
HaslJi0,2004,NOR,0,0.5876220728515594
HaslJi0,2005,NOR,1,0.7725265691096728
HennDa0,1983,ATL,0,0.3009910737844789
HennDa0,1984,ATL,0,0.6728566214574176
HennDa0,1985,ATL,0,0.7146824399014643
HennDa0,1986,ATL,1,0.6445005775415842
HennDa0,1989,SDG,0,0.2238430053849375
HennDa0,1990,SDG,0,0.5295639181468434
HennDa0,1991,SDG,1,0.7486924015751275
HollBo0,1971,STL,0,0.6855486899391443
HollBo0,1972,STL,1,0.6995011344886539
HolmMi0,1992,GNB,0,0.049101224934455956
HolmMi0,1993,GNB,0,0.13691407019187604
HolmMi0,1994,GNB,0,0.08680970467212967
HolmMi0,1995,GNB,0,0.07574662911208492
HolmMi0,1996,GNB,0,0.27418586203624756
HolmMi0,1997,GNB,0,0.22531158462462625
HolmMi0,1998,GNB,1,0.1107695490339225
HolmMi0,1999,SEA,0,0.11547421406287425
HolmMi0,2000,SEA,0,0.4813912998902895
HolmMi0,2001,SEA,0,0.10544056837301904
HolmMi0,2002,SEA,0,0.6279753272299843
HolmMi0,2003,SEA,0,0.2963788156679306
HolmMi0,2004,SEA,0,0.280703099738307
HolmMi0,2005,SEA,0,0.11899144657395015
HolmMi0,2006,SEA,0,0.1741277175127559
HolmMi0,2007,SEA,0,0.1895116569011144
HolmMi0,2008,SEA,1,0.6358319448715462
HoltLo0,1976,NYJ,1,0.46179318726151036
HudsTo0,1977,DET,1,0.10336958915680632
HughEd0,1971,HOU,1,0.46018053626035743
InfaLi0,1988,GNB,0,0.4442525514813074
InfaLi0,1989,GNB,0,0.09074523705313936
InfaLi0,1990,GNB,0,0.27530155659795297
InfaLi0,1991,GNB,1,0.6736672722526043
InfaLi0,1996,IND,0,0.1335059918674249
InfaLi0,1997,IND,1,0.5731432631682174
JackHu0,2011,OAK,1,0.3358690249307653
JackHu0,2016,CLE,0,0.36998900676446006
JackHu0,2017,CLE,1,0.6901709432639747
JaurDi0,1999,CHI,0,0.13445932304298797
JaurDi0,2000,CHI,0,0.6870557205914486
JaurDi0,2001,CHI,0,0.007402052197293516
JaurDi0,2002,CHI,0,0.23555373229792248
JaurDi0,2003,CHI,1,0.5196363783702973
JaurDi0,2006,BUF,0,0.12275370560022203
JaurDi0,2007,BUF,0,0.44554666747061933
JaurDi0,2008,BUF,0,0.6126738713199354
JaurDi0,2009,BUF,1,0.9761575201393728
JohnBe0,2025,CHI,0,0.06292670038721805
JohnBi0,1976,CIN,0,0.18418130117863243
JohnBi0,1977,CIN,1,0.1695802896915788
JohnHa0,1971,BUF,1,0.6182019981447762
JohnJi0,1989,DAL,0,0.4843512066399638
JohnJi0,1990,DAL,0,0.192403808287006
JohnJi0,1991,DAL,0,0.04440170716687866
JohnJi0,1992,DAL,0,0.11928486469146542
JohnJi0,1993,DAL,1,0.1017558769949225
JohnJi0,1996,MIA,0,0.35988970571964285
JohnJi0,1997,MIA,0,0.10073554499531005
JohnJi0,1998,MIA,0,0.20729845574692563
JohnJi0,1999,MIA,1,0.2567258645879577
JoneJu0,1994,ATL,0,0.04238340326912315
JoneJu0,1995,ATL,0,0.015334844519591275
JoneJu0,1996,ATL,1,0.8326438264783107
JoseVa0,2017,DEN,0,0.45492491533826884
JoseVa0,2018,DEN,1,0.5569656044434242
JudgJo0,2020,NYG,0,0.1497643538713648
JudgJo0,2021,NYG,1,0.8936879289744892
KellCh0,2013,PHI,0,0.08604345391720926
KellCh0,2014,PHI,0,0.165547681549402
KellCh0,2015,PHI,1,0.5515868640577913
KellCh0,2016,SFO,1,0.5801000853139707
KhayEd0,1972,PHI,1,0.6333228433699708
KiffLa0,2007,OAK,0,0.25182721424199284
KiffLa0,2008,OAK,1,0.5752318835045129
KingKl0,2019,ARI,0,0.286100311250432
KingKl0,2020,ARI,0,0.2587934712636998
KingKl0,2021,ARI,0,0.07017047776916688
KingKl0,2022,ARI,1,0.4877943350268263
KitcFr0,2019,CLE,1,0.390679981497453
KnoxCh0,1973,RAM,0,0.0055017794918816145
KnoxCh0,1974,RAM,0,0.010047992327088463
KnoxCh0,1975,RAM,0,0.008615265329976427
KnoxCh0,1976,RAM,0,0.11945188619299867
KnoxCh0,1977,RAM,1,0.026334356516940462
KnoxCh0,1978,BUF,0,0.058704459596468715
KnoxCh0,1979,BUF,0,0.18320776267784095
KnoxCh0,1980,BUF,0,0.12333396437772749
KnoxCh0,1981,BUF,0,0.32377393061745285
KnoxCh0,1982,BUF,1,0.08307092815525072
KnoxCh0,1983,SEA,0,0.008543610310315952
KnoxCh0,1984,SEA,0,0.012388211352154687
KnoxCh0,1985,SEA,0,0.022067571116424843
KnoxCh0,1986,SEA,0,0.032647188203832785
KnoxCh0,1987,SEA,0,0.08415066992803251
KnoxCh0,1988,SEA,0,0.6555926762620069
KnoxCh0,1989,SEA,0,0.26891963947303077
KnoxCh0,1990,SEA,0,0.10847943504967147
KnoxCh0,1991,SEA,1,0.3790334624141961
KnoxCh0,1992,RAM,0,0.044128996621397555
KnoxCh0,1993,RAM,0,0.10840025792980847
KnoxCh0,1994,RAM,1,0.6829774165482048
KoetDi0,2016,TAM,0,0.5351956620741821
KoetDi0,2017,TAM,0,0.6272874166012068
KoetDi0,2018,TAM,1,0.7490702728843589
KotiRi0,1991,PHI,0,0.08944618834425969
KotiRi0,1992,PHI,0,0.10554611315415038
KotiRi0,1993,PHI,0,0.48818305480745133
KotiRi0,1994,PHI,1,0.7033089951630827
KotiRi0,1995,NYJ,0,0.675563374082311
KotiRi0,1996,NYJ,1,0.7302290586981697
KubiGa0,2006,HOU,0,0.21930664742281525
KubiGa0,2007,HOU,0,0.44187290725229705
KubiGa0,2008,HOU,0,0.2638863494068269
KubiGa0,2009,HOU,0,0.6255393876149535
KubiGa0,2010,HOU,0,0.6472977870359056
KubiGa0,2011,HOU,0,0.20493066848832417
KubiGa0,2012,HOU,1,0.17363152999058384
KubiGa0,2015,DEN,0,0.08818464038303912
KubiGa0,2016,DEN,0,0.15138920319626697
KushFr0,1982,BAL,0,0.17946667556811718
KushFr0,1983,BAL,1,0.12555765507949132
KushFr0,1984,IND,1,0.5578372288596738
LaFlMa0,2019,GNB,0,0.07724938449316353
LaFlMa0,2020,GNB,0,0.08741719978154455
LaFlMa0,2021,GNB,0,0.09153723426679995
LaFlMa0,2022,GNB,0,0.12947940165652225
LaFlMa0,2023,GNB,0,0.17306746161732117
LaFlMa0,2024,GNB,0,0.14879059867817873
LaFlMa0,2025,GNB,0,0.244736852900187
LandTo0,1970,DAL,0,0.07569522434465922
LandTo0,1971,DAL,0,0.14018262002536003
LandTo0,1972,DAL,0,0.14379139767734886
LandTo0,1973,DAL,0,0.22035869063346164
LandTo0,1974,DAL,0,0.15284425246676234
LandTo0,1975,DAL,0,0.07121644348427032
LandTo0,1976,DAL,0,0.0695857784975418
LandTo0,1977,DAL,0,0.127439990599178
LandTo0,1978,DAL,0,0.21382741208814252
LandTo0,1979,DAL,0,0.208214696702212
LandTo0,1980,DAL,0,0.204136594242459
LandTo0,1981,DAL,0,0.10629385660281858
LandTo0,1982,DAL,0,0.12831226002385535
LandTo0,1983,DAL,0,0.13357319358876768
LandTo0,1984,DAL,0,0.3187823628196639
LandTo0,1985,DAL,0,0.09444384340758694
LandTo0,1986,DAL,0,0.2832620249154392
LandTo0,1987,DAL,0,0.40231256928205217
LandTo0,1988,DAL,0,0.7775077372186723
LeBeDi0,2001,CIN,0,0.20886539640763624
LeBeDi0,2002,CIN,1,0.7132380154923499
LemmWa0,1970,HOU,1,0.6800848395764075
LevyMa0,1978,KAN,0,0.3737393246089359
LevyMa0,1979,KAN,0,0.3741885104222473
LevyMa0,1980,KAN,0,0.25603741944660957
LevyMa0,1981,KAN,0,0.48572282493492086
LevyMa0,1982,KAN,1,0.5974668216421776
LevyMa0,1987,BUF,0,0.27117021467068947
LevyMa0,1988,BUF,0,0.09586937848650219
LevyMa0,1989,BUF,0,0.1500899822826356
LevyMa0,1990,BUF,0,0.15144218039057716
LevyMa0,1991,BUF,0,0.13797662624182228
LevyMa0,1992,BUF,0,0.33265308457577863
LevyMa0,1993,BUF,0,0.17948305866808195
LevyMa0,1994,BUF,0,0.4202384841784851
LevyMa0,1995,BUF,0,0.11834395363644575
LevyMa0,1996,BUF,0,0.14245794880195353
LevyMa0,1997,BUF,0,0.5006557141214433
LewiMa0,2003,CIN,0,0.17066054665086447
LewiMa0,2004,CIN,0,0.16049375954143308
LewiMa0,2005,CIN,0,0.045216678673525836
LewiMa0,2006,CIN,0,0.34900012065027364
LewiMa0,2007,CIN,0,0.5786202132268802
LewiMa0,2008,CIN,0,0.79731470882836
LewiMa0,2009,CIN,0,0.07614614636450347
LewiMa0,2010,CIN,0,0.39837716263909
LewiMa0,2011,CIN,0,0.27234891563781666
LewiMa0,2012,CIN,0,0.2537827564512781
LewiMa0,2013,CIN,0,0.3022250163997524
LewiMa0,2014,CIN,0,0.3915552914333204
LewiMa0,2015,CIN,0,0.3624951512332785
LewiMa0,2016,CIN,0,0.4761831157080451
LewiMa0,2017,CIN,0,0.582891303544036
LewiMa0,2018,CIN,1,0.6754016108838037
LineSc0,2006,STL,0,0.3470150232988309
LineSc0,2007,STL,0,0.6091554500611038
LineSc0,2008,STL,1,0.6732981133777571
LynnAn0,2017,LAC,0,0.11136156546325492
LynnAn0,2018,LAC,0,0.006804955403486793
LynnAn0,2019,LAC,0,0.03323359957710864
LynnAn0,2020,LAC,1,0.7255192965384554
MacdMi0,2024,SEA,0,0.1269569977078515
MacdMi0,2025,SEA,0,0.08601976378678532
MackJo0,1983,KAN,0,0.21663813672922633
MackJo0,1984,KAN,0,0.3013100804591074
MackJo0,1985,KAN,0,0.691291132882538
MackJo0,1986,KAN,1,0.17261702038032004
MaddJo0,1970,OAK,0,0.28270448523126335
MaddJo0,1971,OAK,0,0.3423136659892927
MaddJo0,1972,OAK,0,0.3690866637562081
MaddJo0,1973,OAK,0,0.27512401560402955
MaddJo0,1974,OAK,0,0.06637116583214948
MaddJo0,1975,OAK,0,0.18465283838967056
MaddJo0,1976,OAK,0,0.07121644348427032
MaddJo0,1977,OAK,0,0.20236744303620788
MaddJo0,1978,OAK,0,0.16625913564255326
MalaRa0,1978,RAM,0,0.10585745728129507
MalaRa0,1979,RAM,0,0.1748363500555239
MalaRa0,1980,RAM,0,0.09810088749520018
MalaRa0,1981,RAM,0,0.6713004482031125
MalaRa0,1982,RAM,1,0.8050287475646681
MangEr0,2006,NYJ,0,0.047121200594155206
MangEr0,2007,NYJ,0,0.5689466926987097
MangEr0,2008,NYJ,1,0.1511222439745955
MangEr0,2009,CLE,0,0.30417999559284803
MangEr0,2010,CLE,1,0.6192454561010243
MarcTe0,1975,BAL,0,0.05252614754528834
MarcTe0,1976,BAL,0,0.05252614754528834
MarcTe0,1977,BAL,0,0.2655378682515175
MarcTe0,1978,BAL,0,0.3060000963165062
MarcTe0,1979,BAL,1,0.7667455492664196
MarcTe0,1992,IND,0,0.1480806163898737
MarcTe0,1993,IND,0,0.44947361619023546
MarcTe0,1994,IND,0,0.36506557409014445
MarcTe0,1995,IND,1,0.19040791643401825
MarcTe0,1996,BAL,0,0.5287830871552618
MarcTe0,1997,BAL,0,0.4331774229180308
MarcTe0,1998,BAL,1,0.5688300278738609
MariRo0,2006,DET,0,0.5568097128569286
MariRo0,2007,DET,0,0.49572270639923977
MariRo0,2008,DET,1,0.7903477778938142
MariSt0,1997,SFO,0,0.07724938449316353
MariSt0,1998,SFO,0,0.10932219506253497
MariSt0,1999,SFO,0,0.48862025919619007
MariSt0,2000,SFO,0,0.4837433917242368
MariSt0,2001,SFO,0,0.1650787933505689
MariSt0,2002,SFO,1,0.18130901440053895
MariSt0,2003,DET,0,0.2776447843996129
MariSt0,2004,DET,0,0.45529350257087214
MariSt0,2005,DET,1,0.6126105934876259
MarrDo0,2013,BUF,0,0.02786798668150867
MarrDo0,2014,BUF,1,0.05063737219433502
MarrDo0,2017,JAX,0,0.010207741342235597
MarrDo0,2018,JAX,0,0.1767138427369372
MarrDo0,2019,JAX,0,0.7856458948132552
MarrDo0,2020,JAX,1,0.9690140714118466
MartMi0,2000,STL,0,0.12154252275139296
MartMi0,2001,STL,0,0.12511191536591162
MartMi0,2002,STL,0,0.37377357089178215
MartMi0,2003,STL,0,0.19920007394335237
MartMi0,2004,STL,0,0.43086333977324076
MartMi0,2005,STL,1,0.7165539964189719
MayoJe0,2024,NWE,1,0.5981010916812438
MazuJo0,1971,NWE,1,0.21158812715212036
McAdBe0,2016,NYG,0,0.15518410423056744
McAdBe0,2017,NYG,1,0.5632090410262411
McCaDo0,1970,BAL,0,0.014272833012356238
McCaDo0,1971,BAL,1,0.005709699816231063
McCaDo0,1973,DET,1,0.296829916865344
McCaMi0,2006,GNB,0,0.20474722285178362
McCaMi0,2007,GNB,0,0.034546447161551606
McCaMi0,2008,GNB,0,0.14909902375410192
McCaMi0,2009,GNB,0,0.2230166748951836
McCaMi0,2010,GNB,0,0.06875990751044396
McCaMi0,2011,GNB,0,0.09386975229481115
McCaMi0,2012,GNB,0,0.17524064050593247
McCaMi0,2013,GNB,0,0.25946388115598545
McCaMi0,2014,GNB,0,0.08831853422936438
McCaMi0,2015,GNB,0,0.0660088723463638
McCaMi0,2016,GNB,0,0.10085504525757993
McCaMi0,2017,GNB,0,0.35127109578842863
McCaMi0,2018,GNB,1,0.49588417339248486
McCaMi0,2020,DAL,0,0.39229760795798924
McCaMi0,2021,DAL,0,0.1092900805534294
McCaMi0,2022,DAL,0,0.06487578022818045
McCaMi0,2023,DAL,0,0.21537022004219988
McCaMi0,2024,DAL,1,0.4893165570025971
McCoMi0,1973,PHI,0,0.20162081072111754
McCoMi0,1974,PHI,0,0.22207317583064534
McCoMi0,1975,PHI,1,0.6538833581142743
McCoMi0,1980,BAL,0,0.18997977757247572
McCoMi0,1981,BAL,1,0.7351543887375975
McCoMi0,1982,SEA,1,0.20988719556491978
McCoMi1,2013,SDG,0,0.08124820713066266
McCoMi1,2014,SDG,0,0.21066083171938674
McCoMi1,2015,SDG,0,0.5953774876198943
McCoMi1,2016,SDG,1,0.7135830734647955
McDaJo0,2009,DEN,0,0.1796649078658717
McDaJo0,2010,DEN,1,0.4952560610518191
McDaJo0,2022,LVR,0,0.36200302957012653
McDaJo0,2023,LVR,1,0.4555811029430327
McDaMi0,2022,MIA,0,0.12485282808647244
McDaMi0,2023,MIA,0,0.09615040139473321
McDaMi0,2024,MIA,0,0.35561319646730954
McDaMi0,2025,MIA,1,0.7523501768063688
McDeSe0,2017,BUF,0,0.017404418696622938
McDeSe0,2018,BUF,0,0.7098795189727292
McDeSe0,2019,BUF,0,0.007407012224540373
McDeSe0,2020,BUF,0,0.026571770763173873
McDeSe0,2021,BUF,0,0.12810333432171547
McDeSe0,2022,BUF,0,0.08725060745281273
McDeSe0,2023,BUF,0,0.009691212620367186
McDeSe0,2024,BUF,0,0.010779247772971231
McDeSe0,2025,BUF,1,0.1631269693684575
McGiDa0,2001,ARI,0,0.15209327347335386
McGiDa0,2002,ARI,0,0.44697583280407205
McGiDa0,2003,ARI,1,0.6912204961095357
McKaJo0,1976,TAM,0,0.3449854078374896
McKaJo0,1977,TAM,0,0.6074017205552723
McKaJo0,1978,TAM,0,0.7380133839065651
McKaJo0,1979,TAM,0,0.14479899236481564
McKaJo0,1980,TAM,0,0.6863827021498149
McKaJo0,1981,TAM,0,0.4593166711668938
McKaJo0,1982,TAM,0,0.22058413461986728
McKaJo0,1983,TAM,0,0.789885576209919
McKaJo0,1984,TAM,1,0.7183337381259141
McPhDi0,1991,NWE,0,0.014922076337430795
McPhDi0,1992,NWE,1,0.26003874117509496
McVaJo0,1977,NYG,0,0.24136748942878594
McVaJo0,1978,NYG,1,0.5617406152479361
McVaSe0,2017,LAR,0,0.03455845610118353
McVaSe0,2018,LAR,0,0.05270950801291715
McVaSe0,2019,LAR,0,0.1940523300793028
McVaSe0,2020,LAR,0,0.13000647197782245
McVaSe0,2021,LAR,0,0.11404542041436998
McVaSe0,2022,LAR,0,0.45554730487932205
McVaSe0,2023,LAR,0,0.05269583847397406
McVaSe0,2024,LAR,0,0.19383668426553635
McVaSe0,2025,LAR,0,0.15721736116538654
MeyeKe0,1977,SFO,1,0.24662931703001104
MeyeRo0,1982,NWE,0,0.16615109013906434
MeyeRo0,1983,NWE,1,0.2305085944813285
MeyeRo0,1987,IND,0,0.07793880252017775
MeyeRo0,1988,IND,0,0.28989946046843235
MeyeRo0,1989,IND,0,0.21282236137807978
MeyeRo0,1990,IND,1,0.45146853436946194
MichWa0,1977,NYJ,0,0.5290969558895499
MichWa0,1978,NYJ,0,0.2481196025538973
MichWa0,1979,NYJ,0,0.23481568014973495
MichWa0,1980,NYJ,0,0.8151996237035748
MichWa0,1981,NYJ,0,0.08591309042868306
MichWa0,1982,NYJ,1,0.16883062898256548
MillRe0,1977,DEN,0,0.0029248017733844917
MillRe0,1978,DEN,0,0.004592238253901991
MillRe0,1979,DEN,0,0.00816831016888506
MillRe0,1980,DEN,1,0.3153997908706288
MoorKe0,2025,NOR,0,0.1506928573209222
MoraJi0,1986,NOR,0,0.1910423240215878
MoraJi0,1987,NOR,0,0.09273541834537453
MoraJi0,1988,NOR,0,0.1079809055781061
MoraJi0,1989,NOR,0,0.516573126039317
MoraJi0,1990,NOR,0,0.42462416361406463
MoraJi0,1991,NOR,0,0.22338555454016715
MoraJi0,1992,NOR,0,0.24969903505766658
MoraJi0,1993,NOR,0,0.3018845137390665
MoraJi0,1994,NOR,0,0.49620508907811584
MoraJi0,1995,NOR,1,0.49620508907811584
MoraJi0,1998,IND,0,0.4787836104636713
MoraJi0,1999,IND,0,0.11070613277510198
MoraJi0,2000,IND,0,0.13942726291470728
MoraJi0,2001,IND,1,0.6212844931458192
MoraJi1,2004,ATL,0,0.03455845610118353
MoraJi1,2005,ATL,0,0.34049091953714444
MoraJi1,2006,ATL,1,0.29992696741966995
MoraJi1,2009,SEA,1,0.2804768506190107
MornMa0,2001,DET,0,0.5741932208200157
MornMa0,2002,DET,1,0.7001819155160766
MorrRa0,2009,TAM,0,0.4840659042167787
MorrRa0,2010,TAM,0,0.09283301794909919
MorrRa0,2011,TAM,1,0.37962775091188034
MorrRa0,2024,ATL,0,0.2550098185272929
MorrRa0,2025,ATL,1,0.28969258396100717
MulaMi0,2004,BUF,0,0.2046988569342039
MulaMi0,2005,BUF,1,0.5231621701616405
MulaMi0,2012,JAX,1,0.631497553996545
MulaMi0,2016,TEN,0,0.31760724128187745
MulaMi0,2017,TEN,1,0.09153635446688
MuncMi0,2011,TEN,0,0.19840022167007215
MuncMi0,2012,TEN,0,0.40854417674269616
MuncMi0,2013,TEN,1,0.38801372437697107
NagyMa0,2018,CHI,0,0.048325865778090685
NagyMa0,2019,CHI,0,0.0859410570671759
NagyMa0,2020,CHI,0,0.49565995964960086
NagyMa0,2021,CHI,1,0.7084971572295704
NolaDi0,1970,SFO,0,0.07569522434465922
NolaDi0,1971,SFO,0,0.22754405551690934
NolaDi0,1972,SFO,0,0.4758931803726906
NolaDi0,1973,SFO,0,0.5406743311487473
NolaDi0,1974,SFO,0,0.6954107451268773
NolaDi0,1975,SFO,1,0.7268484521459321
NolaDi0,1978,NOR,0,0.1625135440272051
NolaDi0,1979,NOR,1,0.2974219444366124
NolaMi0,2005,SFO,0,0.27902162470098757
NolaMi0,2006,SFO,0,0.2561718101462475
NolaMi0,2007,SFO,0,0.6354813225660743
NolaMi0,2008,SFO,1,0.6701057719542405
NollCh0,1970,PIT,0,0.4119143007636574
NollCh0,1971,PIT,0,0.7311333734119417
NollCh0,1972,PIT,0,0.019939442809854126
NollCh0,1973,PIT,0,0.04590000730303293
NollCh0,1974,PIT,0,0.027492958289642114
NollCh0,1975,PIT,0,0.011665117665007538
NollCh0,1976,PIT,0,0.048996800896014915
NollCh0,1977,PIT,0,0.009015774349886993
NollCh0,1978,PIT,0,0.001811295737787165
NollCh0,1979,PIT,0,0.006461844303646784
NollCh0,1980,PIT,0,0.03661683736236775
NollCh0,1981,PIT,0,0.013637077803861844
NollCh0,1982,PIT,0,0.005589512767683072
NollCh0,1983,PIT,0,0.0031606959570411298
NollCh0,1984,PIT,0,0.04079995417944466
NollCh0,1985,PIT,0,0.05725264803031582
NollCh0,1986,PIT,0,0.475885430587692
NollCh0,1987,PIT,0,0.02019359459205001
NollCh0,1988,PIT,0,0.6622249075549647
NollCh0,1989,PIT,0,0.02438336705752748
NollCh0,1990,PIT,0,0.06296435321490244
NollCh0,1991,PIT,0,0.1696360525532097
NortJo0,1973,NOR,0,0.16266727885996546
NortJo0,1974,NOR,1,0.5682120678128263
OBriBi0,2014,HOU,0,0.12028487327266614
OBriBi0,2015,HOU,0,0.05252614754528834
OBriBi0,2016,HOU,0,0.09051396185518298
OBriBi0,2017,HOU,0,0.676595812447455
OBriBi0,2018,HOU,0,0.22672354659507504
OBriBi0,2019,HOU,0,0.18407584980868658
OBriBi0,2020,HOU,1,0.7639518333126019
OConKe0,2022,MIN,0,0.04361011718891671
OConKe0,2023,MIN,0,0.3018855950001382
OConKe0,2024,MIN,0,0.048434564806118595
OConKe0,2025,MIN,0,0.21404856823351442
PagaCh0,2012,IND,0,0.007828043535636212
PagaCh0,2013,IND,0,0.02193893738847213
PagaCh0,2014,IND,0,0.025201892331079168
PagaCh0,2015,IND,0,0.2007334854463691
PagaCh0,2016,IND,0,0.10139878312460572
PagaCh0,2017,IND,1,0.8138396476756725
PalmCh0,1999,CLE,0,0.3019026278404711
PalmCh0,2000,CLE,1,0.5316554074261526
ParcBi0,1983,NYG,0,0.2277313282573876
ParcBi0,1984,NYG,0,0.00402438045668385
ParcBi0,1985,NYG,0,0.03884263734101357
ParcBi0,1986,NYG,0,0.017414613550476424
ParcBi0,1987,NYG,0,0.013217550597833349
ParcBi0,1988,NYG,0,0.057365852642534985
ParcBi0,1989,NYG,0,0.036912356681503
ParcBi0,1990,NYG,0,0.10075773186856621
ParcBi0,1993,NWE,0,0.011174275944536351
ParcBi0,1994,NWE,0,0.0161529614993239
ParcBi0,1995,NWE,0,0.08266180425459001
ParcBi0,1996,NWE,0,0.4865960975105393
ParcBi0,1997,NYJ,0,0.011617690476617587
ParcBi0,1998,NYJ,0,0.009379943291222626
ParcBi0,1999,NYJ,0,0.009412118680463604
ParcBi0,2003,DAL,0,0.020305416712561926
ParcBi0,2004,DAL,0,0.032378673464908254
ParcBi0,2005,DAL,0,0.06268272993346068
ParcBi0,2006,DAL,0,0.304300198216836
PardJa0,1975,CHI,0,0.3497654111520041
PardJa0,1976,CHI,0,0.34730342913706475
PardJa0,1977,CHI,1,0.07220726948291536
PardJa0,1978,WAS,0,0.2356781280836394
PardJa0,1979,WAS,0,0.0829970038756227
PardJa0,1980,WAS,1,0.5127789469699887
PardJa0,1990,HOU,0,0.15865900963366567
PardJa0,1991,HOU,0,0.13276491125197795
PardJa0,1992,HOU,0,0.11461334810892096
PardJa0,1993,HOU,1,0.0687470298079933
PateJa0,1976,SEA,0,0.39381021738337996
PateJa0,1977,SEA,0,0.5231498764961257
PateJa0,1978,SEA,0,0.17528392393927894
PateJa0,1979,SEA,0,0.332177546884168
PateJa0,1980,SEA,0,0.664869955818602
PateJa0,1981,SEA,1,0.6830559796629168
PatrMa0,2018,DET,0,0.3018808471366918
PatrMa0,2019,DET,0,0.6201907371962706
PatrMa0,2020,DET,1,0.6371846592556825
PaytSe0,2006,NOR,0,0.04361011718891671
PaytSe0,2007,NOR,0,0.15091038089125736
PaytSe0,2008,NOR,0,0.3307863207639214
PaytSe0,2009,NOR,0,0.05567576632388479
PaytSe0,2010,NOR,0,0.16775600793412004
PaytSe0,2011,NOR,1,0.17266848929138254
PaytSe0,2013,NOR,0,0.1836086839748671
PaytSe0,2014,NOR,0,0.40317577440731633
PaytSe0,2015,NOR,0,0.5334897321564639
PaytSe0,2016,NOR,0,0.6183739162454822
PaytSe0,2017,NOR,0,0.11698094965837269
PaytSe0,2018,NOR,0,0.059818298083930826
PaytSe0,2019,NOR,0,0.10363620835060625
PaytSe0,2020,NOR,0,0.15998469682694236
PaytSe0,2021,NOR,0,0.3583660798867479
PaytSe0,2023,DEN,0,0.24788980408514646
PaytSe0,2024,DEN,0,0.06563899777400291
PaytSe0,2025,DEN,0,0.12326946439357615
PedeDo0,2016,PHI,0,0.34433773005829604
PedeDo0,2017,PHI,0,0.08690042142313838
PedeDo0,2018,PHI,0,0.12697687475323893
PedeDo0,2019,PHI,0,0.24519325879957532
PedeDo0,2020,PHI,1,0.639351795598524
PedeDo0,2022,JAX,0,0.11103679487113731
PedeDo0,2023,JAX,0,0.26518814603063245
PedeDo0,2024,JAX,1,0.578854481445992
PerkRa0,1979,NYG,0,0.15533432841297815
PerkRa0,1980,NYG,0,0.8414238432606007
PerkRa0,1981,NYG,0,0.21069908717255711
PerkRa0,1982,NYG,1,0.5314903554987925
PerkRa0,1987,TAM,0,0.03510949731316598
PerkRa0,1988,TAM,0,0.6233820846060071
PerkRa0,1989,TAM,1,0.6664590086298067
PeteBi0,1972,HOU,1,0.6186154638443667
PetiRi0,1993,WAS,1,0.5812425589171714
PettMi0,2014,CLE,0,0.11232975355735007
PettMi0,2015,CLE,1,0.8601792372305829
PhilBu0,1975,HOU,0,0.06689093579792425
PhilBu0,1976,HOU,0,0.3334969939315314
PhilBu0,1977,HOU,0,0.1284024613470419
PhilBu0,1978,HOU,0,0.12103442908821535
PhilBu0,1979,HOU,0,0.066028475334621
PhilBu0,1980,HOU,1,0.20489191776176666
PhilBu0,1981,NOR,0,0.2951837531621094
PhilBu0,1982,NOR,0,0.26390112240098784
PhilBu0,1983,NOR,0,0.15897967907851399
PhilBu0,1984,NOR,1,0.42014417667894677
PhilJo0,2012,MIA,0,0.048067907116106263
PhilJo0,2013,MIA,0,0.0785445087800891
PhilJo0,2014,MIA,0,0.2627847726412348
PhilJo0,2015,MIA,1,0.8500149575937261
PhilWa0,1993,DEN,0,0.08943725414117842
PhilWa0,1994,DEN,1,0.535051106901059
PhilWa0,1998,BUF,0,0.08470770687482404
PhilWa0,1999,BUF,0,0.12148000140192099
PhilWa0,2000,BUF,1,0.32319385182249905
PhilWa0,2007,DAL,0,0.08314312731709204
PhilWa0,2008,DAL,0,0.14691484534444496
PhilWa0,2009,DAL,0,0.12028054598545496
PhilWa0,2010,DAL,1,0.6453903823476643
PierAn0,2024,LVR,1,0.5075567170888335
ProtTo0,1971,RAM,0,0.13081312034021814
ProtTo0,1972,RAM,1,0.5827641832260857
ProtTo0,1974,SDG,0,0.10856759361626435
ProtTo0,1975,SDG,0,0.7437738018792478
ProtTo0,1976,SDG,0,0.7354789076493048
ProtTo0,1977,SDG,1,0.6550597620572298
QuinDa0,2015,ATL,0,0.1480554576146696
QuinDa0,2016,ATL,0,0.08840474495594908
QuinDa0,2017,ATL,0,0.08143240714433962
QuinDa0,2018,ATL,0,0.4660054245075331
QuinDa0,2019,ATL,0,0.41949235307666016
QuinDa0,2020,ATL,1,0.8011856366310044
QuinDa0,2024,WAS,0,0.042761499796894684
QuinDa0,2025,WAS,0,0.5373605775417861
RalsJo0,1972,DEN,0,0.19904085613586625
RalsJo0,1973,DEN,0,0.009407924073681122
RalsJo0,1974,DEN,0,0.06695936569854145
RalsJo0,1975,DEN,0,0.5567635154258497
RalsJo0,1976,DEN,1,0.1708115929752958
RaucJo0,1970,BUF,1,0.5962946310307387
ReevDa0,1981,DEN,0,0.10663991851606999
ReevDa0,1982,DEN,0,0.7037002803696247
ReevDa0,1983,DEN,0,0.04157621045883169
ReevDa0,1984,DEN,0,0.048152068036083503
ReevDa0,1985,DEN,0,0.23043389134963493
ReevDa0,1986,DEN,0,0.2404580832869937
ReevDa0,1987,DEN,0,0.17668047524469385
ReevDa0,1988,DEN,0,0.3748047040077865
ReevDa0,1989,DEN,0,0.03937232192742562
ReevDa0,1990,DEN,0,0.3915076028127982
ReevDa0,1991,DEN,0,0.06953497809501571
ReevDa0,1992,DEN,1,0.15751350019380359
ReevDa0,1993,NYG,0,0.04597113870803695
ReevDa0,1994,NYG,0,0.15620910472971583
ReevDa0,1995,NYG,0,0.37582703058072975
ReevDa0,1996,NYG,1,0.6595678405991254
ReevDa0,1997,ATL,0,0.2022129953803212
ReevDa0,1998,ATL,0,0.035940700483247656
ReevDa0,1999,ATL,0,0.0864407377883316
ReevDa0,2000,ATL,0,0.5826696312647155
ReevDa0,2001,ATL,0,0.3474581378352791
ReevDa0,2002,ATL,0,0.2585994908748884
ReevDa0,2003,ATL,1,0.7934417297717776
ReicFr0,2018,IND,0,0.08528897638533932
ReicFr0,2019,IND,0,0.16010375565697044
ReicFr0,2020,IND,0,0.11380157310488144
ReicFr0,2021,IND,0,0.36998988611308997
ReicFr0,2022,IND,1,0.5238879972211703
ReicFr0,2023,CAR,1,0.5111900521511822
ReidAn0,1999,PHI,0,0.19092612014599974
ReidAn0,2000,PHI,0,0.07724938449316353
ReidAn0,2001,PHI,0,0.1515900613010678
ReidAn0,2002,PHI,0,0.1738382042068123
ReidAn0,2003,PHI,0,0.22981849808864793
ReidAn0,2004,PHI,0,0.1671326290171911
ReidAn0,2005,PHI,0,0.30210134781094267
ReidAn0,2006,PHI,0,0.09526406066684043
ReidAn0,2007,PHI,0,0.33200427168758595
ReidAn0,2008,PHI,0,0.12936062912478838
ReidAn0,2009,PHI,0,0.1712416626431346
ReidAn0,2010,PHI,0,0.11834104183279619
ReidAn0,2011,PHI,0,0.37049204203033503
ReidAn0,2012,PHI,1,0.6638034365650655
ReidAn0,2013,KAN,0,0.09018942166537007
ReidAn0,2014,KAN,0,0.14420705319557614
ReidAn0,2015,KAN,0,0.0894021460731292
ReidAn0,2016,KAN,0,0.2569018157619405
ReidAn0,2017,KAN,0,0.3252107187497943
ReidAn0,2018,KAN,0,0.24135201355549002
ReidAn0,2019,KAN,0,0.11912049050546938
ReidAn0,2020,KAN,0,0.13621842579772953
ReidAn0,2021,KAN,0,0.17951050315135958
ReidAn0,2022,KAN,0,0.1462697777876428
ReidAn0,2023,KAN,0,0.2376004475442383
ReidAn0,2024,KAN,0,0.13621842579772953
ReidAn0,2025,KAN,0,0.12151652245563803
RhodRa0,1995,PHI,0,0.04110622257038592
RhodRa0,1996,PHI,0,0.059905419809935155
RhodRa0,1997,PHI,0,0.5152338218813901
RhodRa0,1998,PHI,1,0.7559933909753013
RhodRa0,1999,GNB,1,0.20906576781661346
RhulMa0,2020,CAR,0,0.2255841696718965
RhulMa0,2021,CAR,0,0.594427951808678
RhulMa0,2022,CAR,1,0.7005358545956766
RiceHo0,1979,CIN,1,0.7167122820679878
RileMi0,1999,SDG,0,0.1169128092069117
RileMi0,2000,SDG,0,0.8723603424217821
RileMi0,2001,SDG,1,0.851116533199611
RingJi0,1977,BUF,1,0.4014532534346056
RiveRo0,2011,CAR,0,0.1265785440543554
RiveRo0,2012,CAR,0,0.20520592703166265
RiveRo0,2013,CAR,0,0.003896583990486389
RiveRo0,2014,CAR,0,0.15472041920526208
RiveRo0,2015,CAR,0,0.03497415582612008
RiveRo0,2016,CAR,0,0.09972211491536037
RiveRo0,2017,CAR,0,0.03313322528488546
RiveRo0,2018,CAR,0,0.4742940816049684
RiveRo0,2019,CAR,1,0.7231895926106505
RiveRo0,2020,WAS,0,0.011567319644256573
RiveRo0,2021,WAS,0,0.011711862215613912
RiveRo0,2022,WAS,0,0.05401741595436083
RiveRo0,2023,WAS,1,0.9530996242091585
RobeJ,1971,NOR,0,0.3812619477615501
RobeJ,1972,NOR,1,0.7056567194703733
RobiJo0,1983,RAM,0,0.10155412608383287
RobiJo0,1984,RAM,0,0.10302717033314966
RobiJo0,1985,RAM,0,0.09229179633701357
RobiJo0,1986,RAM,0,0.3976615004502781
RobiJo0,1987,RAM,0,0.5464917853096489
RobiJo0,1988,RAM,0,0.1722569425859749
RobiJo0,1989,RAM,0,0.17905681813002827
RobiJo0,1990,RAM,0,0.5513272885606958
RobiJo0,1991,RAM,1,0.6484998253024622
RogeDa0,1985,DET,0,0.21153910389548136
RogeDa0,1986,DET,0,0.45285428938082445
RogeDa0,1987,DET,1,0.6998068462461686
RossBo0,1992,SDG,0,0.005475862176649144
RossBo0,1993,SDG,0,0.006743265595407152
RossBo0,1994,SDG,0,0.008372390642487574
RossBo0,1995,SDG,0,0.04189821077555653
RossBo0,1996,SDG,1,0.23483855984981983
RossBo0,1997,DET,0,0.059307182795777895
RossBo0,1998,DET,0,0.33403901612307835
RossBo0,1999,DET,1,0.08865979996178563
RustRo0,1990,NWE,1,0.5619410551167539
RutiSa0,1978,CLE,0,0.31574431551769355
RutiSa0,1979,CLE,0,0.11010775351138333
RutiSa0,1980,CLE,0,0.06972175942192615
RutiSa0,1981,CLE,0,0.17497446680231893
RutiSa0,1982,CLE,0,0.5126964812424573
RutiSa0,1983,CLE,1,0.39165678345019
RyanBu0,1986,PHI,0,0.3627178141998611
RyanBu0,1987,PHI,0,0.6490124814485223
RyanBu0,1988,PHI,0,0.07198635288135469
RyanBu0,1989,PHI,0,0.1223370932877905
RyanBu0,1990,PHI,1,0.27074522194542416
RyanBu0,1994,ARI,0,0.5274758236590579
RyanBu0,1995,ARI,1,0.6554098915233536
RyanDe0,2023,HOU,0,0.07629157535729598
RyanDe0,2024,HOU,0,0.16315861636568035
RyanDe0,2025,HOU,0,0.27036319487576965
RyanRe0,2009,NYJ,0,0.16532801101611627
RyanRe0,2010,NYJ,0,0.07108652870767605
RyanRe0,2011,NYJ,0,0.5564287154052031
RyanRe0,2012,NYJ,0,0.507891088818081
RyanRe0,2013,NYJ,0,0.6621607968991449
RyanRe0,2014,NYJ,1,0.8193120763185523
RyanRe0,2015,BUF,0,0.537070118879959
RyanRe0,2016,BUF,1,0.6278844364810166
SabaLo0,1970,DEN,1,0.6643236433764955
SabaLo0,1972,BUF,0,0.3688121870752299
SabaLo0,1973,BUF,0,0.11482028570144313
SabaLo0,1974,BUF,0,0.08968297633713673
SabaLo0,1975,BUF,1,0.41205852290250855
SabaNi0,2005,MIA,0,0.0980976415748888
SabaNi0,2006,MIA,1,0.5106932092420112
SaleRo0,2021,NYJ,0,0.32794663474629476
SaleRo0,2022,NYJ,0,0.4363261811237674
SaleRo0,2023,NYJ,0,0.5496600061571482
SaleRo0,2024,NYJ,1,0.7537408692098357
SaunAl0,1987,SDG,0,0.20147881754267946
SaunAl0,1988,SDG,1,0.19994670481697796
SchiGr0,2012,TAM,0,0.2975056829056374
SchiGr0,2013,TAM,1,0.6999381453202137
SchmJo0,1970,DET,0,0.14817921841464696
SchmJo0,1971,DET,0,0.25401933835875384
SchmJo0,1972,DET,1,0.24155735311665621
SchnHo0,1973,BAL,1,0.466690087311143
SchoBr0,2025,DAL,0,0.4286185179918539
SchoMa0,1985,CLE,0,0.14926658750717606
SchoMa0,1986,CLE,0,0.04892018279159043
SchoMa0,1987,CLE,0,0.06677828973597488
SchoMa0,1988,CLE,1,0.32883159494995673
SchoMa0,1989,KAN,0,0.052302441151349716
SchoMa0,1990,KAN,0,0.05329896350551107
SchoMa0,1991,KAN,0,0.12121953825987074
SchoMa0,1992,KAN,0,0.4419365054887326
SchoMa0,1993,KAN,0,0.3199182699986325
SchoMa0,1994,KAN,0,0.15861634233769437
SchoMa0,1995,KAN,0,0.059478553539986705
SchoMa0,1996,KAN,0,0.09923680786799034
SchoMa0,1997,KAN,0,0.10649266380902803
SchoMa0,1998,KAN,0,0.0938458601985586
SchoMa0,2001,WAS,1,0.25833394133282517
SchoMa0,2002,SDG,0,0.1101701568709401
SchoMa0,2003,SDG,0,0.47909663516315176
SchoMa0,2004,SDG,0,0.0898341407736553
SchoMa0,2005,SDG,0,0.378677040784436
SchoMa0,2006,SDG,1,0.1641062998707975
SchwJi0,2009,DET,0,0.05130654563625549
SchwJi0,2010,DET,0,0.7157457258048803
SchwJi0,2011,DET,0,0.02923668954372625
SchwJi0,2012,DET,0,0.5830494514386036
SchwJi0,2013,DET,1,0.346581798066663
SeifGe0,1989,SFO,0,0.08601976378678532
SeifGe0,1990,SFO,0,0.0964044336834159
SeifGe0,1991,SFO,0,0.2613758935228093
SeifGe0,1992,SFO,0,0.08209294921119885
SeifGe0,1993,SFO,0,0.13994955970353748
SeifGe0,1994,SFO,0,0.1210982499176268
SeifGe0,1995,SFO,0,0.1070491190554029
SeifGe0,1996,SFO,1,0.19853040637798644
SeifGe0,1999,CAR,0,0.2375200832731259
SeifGe0,2000,CAR,0,0.328755112954913
SeifGe0,2001,CAR,1,0.6520280120148758
ShanKy0,2017,SFO,0,0.03458186125973928
ShanKy0,2018,SFO,0,0.3744843899425238
ShanKy0,2019,SFO,0,0.01031501391355871
ShanKy0,2020,SFO,0,0.06601708688674053
ShanKy0,2021,SFO,0,0.07972989323709855
ShanKy0,2022,SFO,0,0.029006027829676328
ShanKy0,2023,SFO,0,0.018221548553724282
ShanKy0,2024,SFO,0,0.038853542381011984
ShanKy0,2025,SFO,0,0.003238702128325725
ShanMi0,1988,RAI,1,0.1739620308466793
ShanMi0,1995,DEN,0,0.26768955456351035
ShanMi0,1996,DEN,0,0.040027023411600166
ShanMi0,1997,DEN,0,0.04817590891068606
ShanMi0,1998,DEN,0,0.3899525667678532
ShanMi0,1999,DEN,0,0.16379814804875803
ShanMi0,2000,DEN,0,0.12822489423912933
ShanMi0,2001,DEN,0,0.3897915384810668
ShanMi0,2002,DEN,0,0.26405148220751706
ShanMi0,2003,DEN,0,0.12405121855761228
ShanMi0,2004,DEN,0,0.15892877932988825
ShanMi0,2005,DEN,0,0.06722195259250442
ShanMi0,2006,DEN,0,0.09016268756416013
ShanMi0,2007,DEN,0,0.2637543196335063
ShanMi0,2008,DEN,1,0.3201469078476499
ShanMi0,2010,WAS,0,0.1618372419910888
ShanMi0,2011,WAS,0,0.29866125487604217
ShanMi0,2012,WAS,0,0.06362465973073152
ShanMi0,2013,WAS,1,0.7178516154047543
ShelAr0,1990,RAI,0,0.04460906984189892
ShelAr0,1991,RAI,0,0.06474220174809746
ShelAr0,1992,RAI,0,0.4744355119565163
ShelAr0,1993,RAI,0,0.19982614472360258
ShelAr0,1994,RAI,1,0.3758296720671829
ShelAr0,2006,OAK,1,0.5067685722378937
SherMi0,2000,GNB,0,0.1888959955336628
SherMi0,2001,GNB,0,0.10170758628935984
SherMi0,2002,GNB,0,0.0811934817314952
SherMi0,2003,GNB,0,0.18841488155852984
SherMi0,2004,GNB,0,0.12365779964426855
SherMi0,2005,GNB,1,0.6191428673619737
ShulDa0,1992,CIN,0,0.2686344404398267
ShulDa0,1993,CIN,0,0.6908593922237228
ShulDa0,1994,CIN,0,0.7889384408600106
ShulDa0,1995,CIN,1,0.5214326898856143
ShulDo0,1970,MIA,0,0.1029633787362572
ShulDo0,1971,MIA,0,0.07569522434465922
ShulDo0,1972,MIA,0,0.08516921469951898
ShulDo0,1973,MIA,0,0.09573622148060544
ShulDo0,1974,MIA,0,0.15900260567265218
ShulDo0,1975,MIA,0,0.07288266648864453
ShulDo0,1976,MIA,0,0.29553302447043306
ShulDo0,1977,MIA,0,0.10167013502813688
ShulDo0,1978,MIA,0,0.10773744374903675
ShulDo0,1979,MIA,0,0.2541303103974756
ShulDo0,1980,MIA,0,0.28811976001950135
ShulDo0,1981,MIA,0,0.07152472179796619
ShulDo0,1982,MIA,0,0.07085128632771877
ShulDo0,1983,MIA,0,0.10406434977245736
ShulDo0,1984,MIA,0,0.06780635658515113
ShulDo0,1985,MIA,0,0.11502689388513582
ShulDo0,1986,MIA,0,0.45426157793789823
ShulDo0,1987,MIA,0,0.16217434662081007
ShulDo0,1988,MIA,0,0.6372214720942583
ShulDo0,1989,MIA,0,0.3994033080701218
ShulDo0,1990,MIA,0,0.07464608517268663
ShulDo0,1991,MIA,0,0.25007162692011464
ShulDo0,1992,MIA,0,0.16530213723465614
ShulDo0,1993,MIA,0,0.11802122760254379
ShulDo0,1994,MIA,0,0.31156662225733067
ShulDo0,1995,MIA,0,0.158282079309763
ShurPa0,2011,CLE,0,0.48190724490359654
ShurPa0,2012,CLE,1,0.5466641312335739
ShurPa0,2018,NYG,0,0.18730335679276114
ShurPa0,2019,NYG,1,0.5744032069028678
SingMi0,2009,SFO,0,0.36731014683451285
SingMi0,2010,SFO,1,0.831294059368512
SiriNi0,2021,PHI,0,0.08227179163789634
SiriNi0,2022,PHI,0,0.034546447161551606
SiriNi0,2023,PHI,0,0.050476153727806394
SiriNi0,2024,PHI,0,0.29569490840358525
SiriNi0,2025,PHI,0,0.15376834408774503
SkorNi0,1971,CLE,0,0.15171032025288336
SkorNi0,1972,CLE,0,0.09234268767736364
SkorNi0,1973,CLE,0,0.16913223760052834
SkorNi0,1974,CLE,1,0.7399440078287242
SmitAr0,2021,ATL,0,0.23220854094656013
SmitAr0,2022,ATL,0,0.4335147596127033
SmitAr0,2023,ATL,1,0.45844543775149654
SmitLo0,2004,CHI,0,0.45470560947235394
SmitLo0,2005,CHI,0,0.052193105157999575
SmitLo0,2006,CHI,0,0.07989022132079496
SmitLo0,2007,CHI,0,0.4902228355263567
SmitLo0,2008,CHI,0,0.4927689900148845
SmitLo0,2009,CHI,0,0.6331661047166027
SmitLo0,2010,CHI,0,0.08547708340000236
SmitLo0,2011,CHI,0,0.6992185754256313
SmitLo0,2012,CHI,1,0.36560272994172194
SmitLo0,2014,TAM,0,0.3995464555169965
SmitLo0,2015,TAM,1,0.19463453946037745
SmitLo0,2022,HOU,1,0.3847050393245151
SmitMi0,2008,ATL,0,0.047054453784187635
SmitMi0,2009,ATL,0,0.10422268750697454
SmitMi0,2010,ATL,0,0.07761391213912204
SmitMi0,2011,ATL,0,0.3849103448010088
SmitMi0,2012,ATL,0,0.2885837810380988
SmitMi0,2013,ATL,0,0.5661744878734623
SmitMi0,2014,ATL,1,0.5439093385276061
SpagSt0,2009,STL,0,0.13138421511450454
SpagSt0,2010,STL,0,0.25477686434747254
SpagSt0,2011,STL,1,0.6705958165861103
SparTo0,2008,MIA,0,0.0035112445433669788
SparTo0,2009,MIA,0,0.017571340223913646
SparTo0,2010,MIA,0,0.027587706376529176
SparTo0,2011,MIA,1,0.7852162979983787
SpurSt0,2002,WAS,0,0.48726963154659375
SpurSt0,2003,WAS,1,0.6846358282598622
StalBr0,2021,LAC,0,0.3220463050797934
StalBr0,2022,LAC,0,0.2812648710068579
StalBr0,2023,LAC,1,0.5996965575491463
StalGe0,1986,STL,0,0.3153730078704176
StalGe0,1987,STL,1,0.5008572029521572
StalGe0,1988,PHO,1,0.25299738627534724
StarBa0,1975,GNB,0,0.3538957831146565
StarBa0,1976,GNB,0,0.23112558196982427
StarBa0,1977,GNB,0,0.8030388189214531
StarBa0,1978,GNB,0,0.3417929717265724
StarBa0,1979,GNB,0,0.7428271344134151
StarBa0,1980,GNB,0,0.7822462127660657
StarBa0,1981,GNB,0,0.7807797917943593
StarBa0,1982,GNB,0,0.21465949884965546
StarBa0,1983,GNB,1,0.4666266371681524
StecLe0,1984,MIN,1,0.14691204097218205
StefKe0,2020,CLE,0,0.04361011718891671
StefKe0,2021,CLE,0,0.15239207292229254
StefKe0,2022,CLE,0,0.5327269599847698
StefKe0,2023,CLE,0,0.0958746400145173
StefKe0,2024,CLE,0,0.4082207685889357
StefKe0,2025,CLE,1,0.7117868917081687
SteiSh0,2023,IND,0,0.027219436164531173
SteiSh0,2024,IND,0,0.32930307774730466
SteiSh0,2025,IND,0,0.4135621589949028
StepKa0,1983,BUF,0,0.20625940232135206
StepKa0,1984,BUF,1,0.7326458100749595
StraHa0,1970,KAN,0,0.26716998605643544
StraHa0,1971,KAN,0,0.1740330892174629
StraHa0,1972,KAN,0,0.13251369258488113
StraHa0,1973,KAN,0,0.19945838872413466
StraHa0,1974,KAN,1,0.5096912520745551
StraHa0,1976,NOR,0,0.36869162987803067
StraHa0,1977,NOR,1,0.6190892868689708
SvarHa0,1972,SDG,1,0.3652595073596745
SwitBa0,1994,DAL,0,0.08578753354127495
SwitBa0,1995,DAL,0,0.34962664672862537
SwitBa0,1996,DAL,0,0.12259378034107961
SwitBa0,1997,DAL,1,0.4736863269838606
TaylZa0,2019,CIN,0,0.5891926551730806
TaylZa0,2020,CIN,0,0.6141568950670342
TaylZa0,2021,CIN,0,0.050280944514055965
TaylZa0,2022,CIN,0,0.14810906412447997
TaylZa0,2023,CIN,0,0.3706136175991114
TaylZa0,2024,CIN,0,0.2918197896560858
TaylZa0,2025,CIN,0,0.6910636410827531
TiceMi0,2002,MIN,0,0.26844799006680103
TiceMi0,2003,MIN,0,0.1330058994252816
TiceMi0,2004,MIN,0,0.40342177178702077
TiceMi0,2005,MIN,1,0.3293723635738091
TobiVi0,1996,ARI,0,0.22972595018321598
TobiVi0,1997,ARI,0,0.5958346846765067
TobiVi0,1998,ARI,0,0.07914350709246504
TobiVi0,1999,ARI,0,0.7229914830919775
TobiVi0,2000,ARI,1,0.6482718157423881
TomlMi0,2007,PIT,0,0.16868093438393938
TomlMi0,2008,PIT,0,0.10304467368443113
TomlMi0,2009,PIT,0,0.30873804311666997
TomlMi0,2010,PIT,0,0.11081117424542739
TomlMi0,2011,PIT,0,0.18592135457816947
TomlMi0,2012,PIT,0,0.29785907268251194
TomlMi0,2013,PIT,0,0.3856916677848852
TomlMi0,2014,PIT,0,0.14235565060589503
TomlMi0,2015,PIT,0,0.19559730864975666
TomlMi0,2016,PIT,0,0.12823143517979332
TomlMi0,2017,PIT,0,0.25636709379972134
TomlMi0,2018,PIT,0,0.25625073084516675
TomlMi0,2019,PIT,0,0.26791401581219915
TomlMi0,2020,PIT,0,0.2722479194609543
TomlMi0,2021,PIT,0,0.2063425195200265
TomlMi0,2022,PIT,0,0.17244382721839296
TomlMi0,2023,PIT,0,0.2487484160690138
TomlMi0,2024,PIT,0,0.2081427779537913
TomlMi0,2025,PIT,1,0.38454892809438473
TomsJi0,2015,SFO,1,0.41745735939147005
TresMa0,2013,CHI,0,0.3861606702618974
TresMa0,2014,CHI,1,0.5311673947327861
TurnNo0,1994,WAS,0,0.5655145531055974
TurnNo0,1995,WAS,0,0.4229271958741014
TurnNo0,1996,WAS,0,0.2060010045881026
TurnNo0,1997,WAS,0,0.4736581261585302
TurnNo0,1998,WAS,0,0.5388702565555243
TurnNo0,1999,WAS,0,0.2700627579456366
TurnNo0,2000,WAS,1,0.4474256866290321
TurnNo0,2004,OAK,0,0.33835623194885567
TurnNo0,2005,OAK,1,0.5734978455490658
TurnNo0,2007,SDG,0,0.09187000082322137
TurnNo0,2008,SDG,0,0.4358784872295464
TurnNo0,2009,SDG,0,0.09488633160913848
TurnNo0,2010,SDG,0,0.3315550095403202
TurnNo0,2011,SDG,0,0.52141160891666
TurnNo0,2012,SDG,1,0.5633152735894268
VanBNo0,1970,ATL,0,0.5170115033770829
VanBNo0,1971,ATL,0,0.19106596389241207
VanBNo0,1972,ATL,0,0.2803036263539539
VanBNo0,1973,ATL,1,0.25386463609535087
VermDi0,1976,PHI,0,0.4318520318696352
VermDi0,1977,PHI,0,0.6060233529125413
VermDi0,1978,PHI,0,0.04756616879674277
VermDi0,1979,PHI,0,0.088276750531551
VermDi0,1980,PHI,0,0.09941985307237806
VermDi0,1981,PHI,0,0.33404425579105673
VermDi0,1982,PHI,1,0.4436689810224593
VermDi0,1997,STL,0,0.27708845619359257
VermDi0,1998,STL,0,0.6522728752334852
VermDi0,1999,STL,1,0.1591882704134101
VermDi0,2001,KAN,0,0.2989675593052997
VermDi0,2002,KAN,0,0.44775905000191574
VermDi0,2003,KAN,0,0.09298785990926096
VermDi0,2004,KAN,0,0.3666416990870616
VermDi0,2005,KAN,0,0.39504372145747185
VrabMi0,2018,TEN,0,0.017937229310180478
VrabMi0,2019,TEN,0,0.03235008045232082
VrabMi0,2020,TEN,0,0.006682441588406043
VrabMi0,2021,TEN,0,0.04469475621563909
VrabMi0,2022,TEN,0,0.03570437148618244
VrabMi0,2023,TEN,1,0.8276401396699711
VrabMi0,2025,NWE,0,0.011847565319119754
WallCh0,1970,SDG,1,0.5798194978418364
WalsBi0,1979,SFO,0,0.33296716636368956
WalsBi0,1980,SFO,0,0.48478573938795444
WalsBi0,1981,SFO,0,0.1736986297512269
WalsBi0,1982,SFO,0,0.13340992489388823
WalsBi0,1983,SFO,0,0.33141279900021137
WalsBi0,1984,SFO,0,0.13720341991292462
WalsBi0,1985,SFO,0,0.2971827910530272
WalsBi0,1986,SFO,0,0.23280244330225702
WalsBi0,1987,SFO,0,0.10627029672354396
WalsBi0,1988,SFO,1,0.10205970140613203
WaltJo0,1983,NYJ,0,0.4077737418627635
WaltJo0,1984,NYJ,0,0.6811024902413679
WaltJo0,1985,NYJ,0,0.05141374924019601
WaltJo0,1986,NYJ,0,0.3938560544878202
WaltJo0,1987,NYJ,0,0.7086173602403201
WaltJo0,1988,NYJ,0,0.499403382650152
WaltJo0,1989,NYJ,1,0.7783021054394852
WannDa0,1993,CHI,0,0.21306619929437912
WannDa0,1994,CHI,0,0.0719389320407711
WannDa0,1995,CHI,0,0.124553980164132
WannDa0,1996,CHI,0,0.5574840925590412
WannDa0,1997,CHI,0,0.7006613940022282
WannDa0,1998,CHI,1,0.7224640751382825
WannDa0,2000,MIA,0,0.10946770852199093
WannDa0,2001,MIA,0,0.21918447344303482
WannDa0,2002,MIA,0,0.2585276551856988
WannDa0,2003,MIA,0,0.30288867761845967
WannDa0,2004,MIA,1,0.7636293890447058
WebsAl0,1970,NYG,0,0.24215279283565036
WebsAl0,1971,NYG,0,0.4596004964430941
WebsAl0,1972,NYG,0,0.25187085497539746
WebsAl0,1973,NYG,1,0.6310771916536431
WhisKe0,2007,ARI,0,0.16435642910880577
WhisKe0,2008,ARI,0,0.07686534175232577
WhisKe0,2009,ARI,0,0.04440170716687866
WhisKe0,2010,ARI,0,0.49505493142862284
WhisKe0,2011,ARI,0,0.4290960086154813
WhisKe0,2012,ARI,1,0.755015889991691
WhisKe0,2014,TEN,0,0.6899853493557229
WhisKe0,2015,TEN,1,0.7265459166015809
WhitMi0,1995,OAK,0,0.40528053257300717
WhitMi0,1996,OAK,1,0.4923513227648592
WiggPa0,1975,KAN,0,0.26844799006680103
WiggPa0,1976,KAN,1,0.5160350631031078
WilkBu0,1978,STL,1,0.6653940424604614
WilkSt0,2018,ARI,1,0.6541280074272215
WillGr0,2001,BUF,0,0.667376036422358
WillGr0,2002,BUF,0,0.5107816876749426
WillGr0,2003,BUF,1,0.7506730268202625
WillJe0,1970,PHI,1,0.6495698152869939
WillRi0,1991,TAM,1,0.499156793972522
WinnCh0,1970,STL,1,0.26716998605643544
WinnCh0,1974,NYJ,1,0.22422484345788696
WychSa0,1984,CIN,0,0.31014956559413887
WychSa0,1985,CIN,0,0.5668164424866609
WychSa0,1986,CIN,0,0.23334825962976913
WychSa0,1987,CIN,0,0.6887795627543308
WychSa0,1988,CIN,0,0.06480095271739658
WychSa0,1989,CIN,0,0.24693148418968636
WychSa0,1990,CIN,0,0.2869366736848745
WychSa0,1991,CIN,1,0.700908404478135
WychSa0,1992,TAM,0,0.1266759120405749
WychSa0,1993,TAM,0,0.6341052110478752
WychSa0,1994,TAM,0,0.7406905955018386
WychSa0,1995,TAM,1,0.6157414524515064
ZimmMi0,2014,MIN,0,0.28271036225887025
ZimmMi0,2015,MIN,0,0.05051542309783918
ZimmMi0,2016,MIN,0,0.349241810593369
ZimmMi0,2017,MIN,0,0.06245039289376598
ZimmMi0,2018,MIN,0,0.1334858274184718
ZimmMi0,2019,MIN,0,0.3085867416783489
ZimmMi0,2020,MIN,0,0.6437133831909403
ZimmMi0,2021,MIN,1,0.6337459815064611
ZornJi0,2008,WAS,0,0.33329144543022016
ZornJi0,2009,WAS,1,0.7362976567634635
